{
    "0": {
        "T_outlet": 25.0,
        "tot_H_in": -389.440765521103,
        "tot_H_out": -431.16134382420927,
        "delta_H": -41.720578303106265,
        "precip": {
            "Dolomite": {
                "value": 0.00042530420914195993,
                "units": "mol/kgw"
            }
        }
    },
    "1": {
        "T_outlet": 30.454545454545453,
        "tot_H_in": -389.440765521103,
        "tot_H_out": -477.4683324856174,
        "delta_H": -88.02756696451439,
        "precip": {
            "Dolomite": {
                "value": 0.0004697728500063778,
                "units": "mol/kgw"
            }
        }
    },
    "2": {
        "T_outlet": 35.90909090909091,
        "tot_H_in": -389.440765521103,
        "tot_H_out": -524.6193812153315,
        "delta_H": -135.17861569422848,
        "precip": {
            "Dolomite": {
                "value": 0.0005177477018244079,
                "units": "mol/kgw"
            }
        }
    },
    "3": {
        "T_outlet": 41.36363636363636,
        "tot_H_in": -389.440765521103,
        "tot_H_out": -572.6304439209689,
        "delta_H": -183.1896783998659,
        "precip": {
            "Dolomite": {
                "value": 0.000568772463965912,
                "units": "mol/kgw"
            }
        }
    },
    "4": {
        "T_outlet": 46.81818181818181,
        "tot_H_in": -389.440765521103,
        "tot_H_out": -621.5170769110333,
        "delta_H": -232.0763113899303,
        "precip": {
            "Dolomite": {
                "value": 0.0006222925746250426,
                "units": "mol/kgw"
            }
        }
    },
    "5": {
        "T_outlet": 52.272727272727266,
        "tot_H_in": -389.440765521103,
        "tot_H_out": -671.2944722185817,
        "delta_H": -281.85370669747874,
        "precip": {
            "Dolomite": {
                "value": 0.0006776785765749257,
                "units": "mol/kgw"
            }
        }
    },
    "6": {
        "T_outlet": 57.72727272727273,
        "tot_H_in": -389.440765521103,
        "tot_H_out": -721.9774876323214,
        "delta_H": -332.5367221112184,
        "precip": {
            "Dolomite": {
                "value": 0.0007342551164296256,
                "units": "mol/kgw"
            }
        }
    },
    "7": {
        "T_outlet": 63.18181818181818,
        "tot_H_in": -389.440765521103,
        "tot_H_out": -773.5806738030907,
        "delta_H": -384.1399082819877,
        "precip": {
            "Dolomite": {
                "value": 0.0007913326712387128,
                "units": "mol/kgw"
            }
        }
    },
    "8": {
        "T_outlet": 68.63636363636363,
        "tot_H_in": -389.440765521103,
        "tot_H_out": -826.1182987585278,
        "delta_H": -436.67753323742477,
        "precip": {
            "Dolomite": {
                "value": 0.0008482377378016994,
                "units": "mol/kgw"
            }
        }
    },
    "9": {
        "T_outlet": 74.0909090909091,
        "tot_H_in": -389.440765521103,
        "tot_H_out": -879.6043700989281,
        "delta_H": -490.16360457782514,
        "precip": {
            "Dolomite": {
                "value": 0.0009043394481624212,
                "units": "mol/kgw"
            }
        }
    },
    "10": {
        "T_outlet": 79.54545454545453,
        "tot_H_in": -389.440765521103,
        "tot_H_out": -934.052655141566,
        "delta_H": -544.611889620463,
        "precip": {
            "Dolomite": {
                "value": 0.0009590705672633348,
                "units": "mol/kgw"
            }
        }
    },
    "11": {
        "T_outlet": 85.0,
        "tot_H_in": -389.440765521103,
        "tot_H_out": -989.4766992172852,
        "delta_H": -600.0359336961822,
        "precip": {
            "Dolomite": {
                "value": 0.0010119422107248946,
                "units": "mol/kgw"
            }
        }
    }
}