{
    "feed_comp": {
        "Na": 0.04871732291003011,
        "Ca": 0.0037427017316233346,
        "Cl": 0.049361125997799904,
        "HCO3": 0.008194464475357606,
        "SO4": 1.052467207995003e-05,
        "H2O": 55.50929780738274
    },
    "feed_comp_2": {
        "Na": 0.058460787492036134,
        "Ca": 0.004491242077948002,
        "Cl": 0.049361125997799904,
        "HCO3": 0.009833357370429128,
        "SO4": 1.052467207995003e-05
    },
    "ph_2": 5,
    "water_removal_percent": [
        0.0,
        10.0,
        20.0,
        30.0,
        40.0,
        50.0,
        60.0,
        70.0,
        80.0,
        90.0
    ],
    "HCl": [
        0.0,
        0.0005555555555555556,
        0.0011111111111111111,
        0.0016666666666666666,
        0.0022222222222222222,
        0.002777777777777778,
        0.003333333333333333,
        0.0038888888888888888,
        0.0044444444444444444,
        0.005
    ],
    "NaOH": [
        0.0,
        0.0005555555555555556,
        0.0011111111111111111,
        0.0016666666666666666,
        0.0022222222222222222,
        0.002777777777777778,
        0.003333333333333333,
        0.0038888888888888888,
        0.0044444444444444444,
        0.005
    ],
    "CaO": [
        0.0,
        0.0005555555555555556,
        0.0011111111111111111,
        0.0016666666666666666,
        0.0022222222222222222,
        0.002777777777777778,
        0.003333333333333333,
        0.0038888888888888888,
        0.0044444444444444444,
        0.005
    ],
    "temperature": [
        20.0,
        28.333333333333336,
        36.66666666666667,
        45.0,
        53.333333333333336,
        61.66666666666667,
        70.0,
        78.33333333333334,
        86.66666666666667,
        95.0
    ],
    "mix_ratio": [
        0.1,
        0.19473684210526315,
        0.2894736842105263,
        0.38421052631578945,
        0.47894736842105257,
        0.5736842105263157,
        0.6684210526315789,
        0.763157894736842,
        0.8578947368421052,
        0.9526315789473683,
        1.0473684210526315,
        1.1421052631578947,
        1.236842105263158,
        1.331578947368421,
        1.4263157894736842,
        1.5210526315789472,
        1.6157894736842104,
        1.7105263157894737,
        1.8052631578947367,
        1.9
    ],
    "mix_ratio_sweep": {
        "Anhydrite": [
            9.090953189243599e-05,
            9.158482497752258e-05,
            9.21548603318572e-05,
            9.264275950770938e-05,
            9.306513826780835e-05,
            9.343437774556164e-05,
            9.375991464216205e-05,
            9.404907284651595e-05,
            9.430762510536588e-05,
            9.454018364657943e-05,
            9.475047810594718e-05,
            9.494155711359526e-05,
            9.511593699232249e-05,
            9.52757131015231e-05,
            9.542264434464654e-05,
            9.555821809966467e-05,
            9.568370066906456e-05,
            9.580017688309451e-05,
            9.590858148341803e-05,
            9.600972421117703e-05
        ],
        "Calcite": [
            1.5087914242143665,
            0.8093728440402753,
            0.5341778238320956,
            0.38917337520538764,
            0.30065536849063795,
            0.24155956670900608,
            0.19964503958008012,
            0.16858475732970413,
            0.14478826592194605,
            0.12607197503507242,
            0.11103493466986106,
            0.09873918704107258,
            0.08853451972537453,
            0.07995694180380335,
            0.07266713152554508,
            0.06641166424898534,
            0.060997781048179954,
            0.05627650091549351,
            0.0521310369089242,
            0.04846867710290914
        ],
        "Gypsum": [
            0.00023362059237481958,
            0.00023533826124498992,
            0.00023678783942845903,
            0.00023802828971341484,
            0.00023910196481881374,
            0.0002400404125431382,
            0.00024086767095004476,
            0.0002416023912767527,
            0.00024225927116252924,
            0.0002428500510740621,
            0.00024338422304530624,
            0.00024386954460374642,
            0.00024431241777093043,
            0.0002447181727914415,
            0.00024509128343272284,
            0.00024543553237753286,
            0.0002457541397090931,
            0.0002460498637557123,
            0.0002463250809933158,
            0.00024658184991054884
        ],
        "pH": [
            7.166333475763077,
            6.924038007318499,
            6.770153684353615,
            6.65756389172513,
            6.56894411697153,
            6.495993540653577,
            6.434089922745629,
            6.380394150842017,
            6.333036983258426,
            6.290722211014186,
            6.252514041130744,
            6.2177147599295,
            6.185790261249163,
            6.156322590905732,
            6.1289785388742315,
            6.103488177967744,
            6.079629793348615,
            6.057219047040717,
            6.036101025044691,
            6.016144293136621
        ],
        "Solution density": [
            1.0007727808958982,
            1.0008029412354547,
            1.0008286669007271,
            1.0008508688128075,
            1.0008702245533412,
            1.0008872484724909,
            1.0009023380329887,
            1.000915805224692,
            1.0009278983669434,
            1.0009388175619727,
            1.0009487258560787,
            1.000957757437794,
            1.0009660237518136,
            1.0009736181217346,
            1.0009806192893438,
            1.0009870941555676,
            1.0009930999255627,
            1.0009986858037863,
            1.001003894345467,
            1.0010087625430841
        ],
        "Osmotic pressure": [
            254658.28764677802,
            259739.11575609728,
            264072.4638397751,
            267812.67925738887,
            271073.8996721823,
            273942.65731576603,
            276485.8003644559,
            278755.8018960923,
            280794.43105595745,
            282635.3516270448,
            284305.9978523184,
            285828.9520507079,
            287222.97199699393,
            288503.76778849337,
            289684.5967104105,
            290776.72398228757,
            291789.78339751385,
            292732.0623483775,
            293610.72910828365,
            294432.01557296794
        ]
    },
    "water_removal_percent_sweep": {
        "Anhydrite": [
            9.003820447307536e-05,
            0.00010310432255051032,
            0.00011977007903613109,
            0.00014166934236313733,
            0.00017157789611475693,
            0.00021460887673150692,
            0.00028128909692304126,
            0.00039714619662605243,
            0.0006432619790586922,
            0.0014739721032670707
        ],
        "Calcite": [
            6.9293960326681905,
            8.156291049033383,
            9.768834202262314,
            11.958862207204572,
            15.061891036256993,
            19.71666039479473,
            27.290379609251115,
            41.26496084684105,
            73.48150894414013,
            198.49079700922883
        ],
        "Gypsum": [
            0.00023140347026572147,
            0.00026487838401319724,
            0.00030754003812010584,
            0.0003635396847388975,
            0.00043991463691850125,
            0.0005495911009853149,
            0.0007190750400332531,
            0.0010122539705140312,
            0.0016299003754813714,
            0.003668435985814142
        ],