{
    "feed_comp": {
        "Na": 0.04871732291003011,
        "Ca": 0.0037427017316233346,
        "Cl": 0.049361125997799904,
        "HCO3": 0.008194464475357606,
        "Fe": 0.0001278827979733134,
        "Mn": 0.0002057189878625797,
        "SO4": 1.052467207995003e-05,
        "H2O": 55.50929780738274
    },
    "feed_comp_2": {
        "Na": 0.058460787492036134,
        "Ca": 0.004491242077948002,
        "Cl": 0.049361125997799904,
        "HCO3": 0.009833357370429128,
        "SO4": 1.052467207995003e-05,
        "Fe": 0.0001278827979733134,
        "Mn": 0.0002057189878625797
    },
    "ph_2": 5,
    "pE_2": 8,
    "water_removal_percent": [
        0.0,
        10.0,
        20.0,
        30.0,
        40.0,
        50.0,
        60.0,
        70.0,
        80.0,
        90.0
    ],
    "HCl": [
        0.0,
        0.0005555555555555556,
        0.0011111111111111111,
        0.0016666666666666666,
        0.0022222222222222222,
        0.002777777777777778,
        0.003333333333333333,
        0.0038888888888888888,
        0.0044444444444444444,
        0.005
    ],
    "NaOH": [
        0.0,
        0.0005555555555555556,
        0.0011111111111111111,
        0.0016666666666666666,
        0.0022222222222222222,
        0.002777777777777778,
        0.003333333333333333,
        0.0038888888888888888,
        0.0044444444444444444,
        0.005
    ],
    "CaO": [
        0.0,
        0.0005555555555555556,
        0.0011111111111111111,
        0.0016666666666666666,
        0.0022222222222222222,
        0.002777777777777778,
        0.003333333333333333,
        0.0038888888888888888,
        0.0044444444444444444,
        0.005
    ],
    "temperature": [
        20.0,
        22.22222222222222,
        24.444444444444443,
        26.666666666666668,
        28.88888888888889,
        31.11111111111111,
        33.333333333333336,
        35.55555555555556,
        37.77777777777778,
        40.0
    ],
    "mix_ratio": [
        0.1,
        0.19473684210526315,
        0.2894736842105263,
        0.38421052631578945,
        0.47894736842105257,
        0.5736842105263157,
        0.6684210526315789,
        0.763157894736842,
        0.8578947368421052,
        0.9526315789473683,
        1.0473684210526315,
        1.1421052631578947,
        1.236842105263158,
        1.331578947368421,
        1.4263157894736842,
        1.5210526315789472,
        1.6157894736842104,
        1.7105263157894737,
        1.8052631578947367,
        1.9
    ],
    "mix_ratio_sweep": {
        "Anhydrite": [
            0.0001350108204681092,
            0.0001359519065674298,
            0.00013672117261780668,
            0.00013737414186856337,
            0.00013793756896983786,
            0.00013842927634891288,
            0.00013886232788289915,
            0.0001392466971081726,
            0.00013959018222642214,
            0.00013989898614012657,
            0.00014017811122412328,
            0.0001404316391345659,
            0.00014066293455632315,
            0.00014087479659017127,
            0.00014106957308690005,
            0.00014124924820548256,
            0.0001414155102859659,
            0.00014156980503938395,
            0.00014171337764157298,
            0.00014184730635075448
        ],
        "Calcite": [
            1.7000606861262308,
            0.8833825150811772,
            0.5731910786693634,
            0.4133741750114073,
            0.31725054472450415,
            0.25374335661551584,
            0.20904547320734249,
            0.1761169711268988,
            0.15100545598541457,
            0.13132787867228762,
            0.11556612623434238,
            0.10270980061881581,
            0.09206197621602788,
            0.08312745688973003,
            0.07554544262773992,
            0.069047338025116,
            0.0634294247413935,
            0.05853464622188944,
            0.05424015941914767,
            0.05044863875957418
        ],
        "Gypsum": [
            0.0002322696305015852,
            0.00023387052064396496,
            0.00023517832049612503,
            0.00023628805508950931,
            0.0002372453877151895,
            0.0002380806994420602,
            0.0002388162452656276,
            0.00023946900840165718,
            0.00024005226355692142,
            0.00024057656698722366,
            0.00024105042991047463,
            0.00024148079559586704,
            0.00024187338663923892,
            0.00024223296291632203,
            0.00024256351634964701,
            0.00024286842002872988,
            0.00024315054378038417,
            0.00024341234472060442,
            0.00024365593890372903,
            0.000243883158534831
        ],
        "pH": [
            7.172318097633326,
            6.913508815065669,
            6.7508993920303615,
            6.633024360076635,
            6.540885016463521,
            6.4654396730482695,
            6.401690179348766,
            6.346586298914493,
            6.298130907385289,
            6.25494563560942,
            6.216039394587659,
            6.180675821486475,
            6.148292944376442,
            6.118452175390848,
            6.0908046891779275,
            6.065068508298326,
            6.041012463032521,
            6.018444687624111,
            5.997204196744048,
            5.97715460301876
        ],
        "Solution density": [
            1.0017884632878,
            1.0018511804382975,
            1.0019045332578365,
            1.0019505403025382,
            1.0019906359204842,
            1.002025895545056,
            1.0020571462905135,
            1.002085035997733,
            1.0021100796939149,
            1.0021326921318074,
            1.002153211125015,
            1.0021719146294017,
            1.0021890334510488,
            1.0022047608508553,
            1.00221925987998,
            1.002232669065771,
            1.0022451068565137,
            1.0022566751332176,
            1.0022674620090202,
            1.0022775440792184
        ],
        "Osmotic pressure": [
            257370.09949052244,
            262605.44896745594,
            267063.01931108854,
            270908.7751392827,
            274261.6116014376,
            277210.9210419676,
            279825.55224777106,
            282159.4775239625,
            284255.63233872666,
            286148.6096409698,
            287866.5966267473,
            289432.7939246234,
            290866.4726374643,
            292183.77303886716,
            293398.3158726341,
            294521.6757014337,
            295563.7513470354,
            296533.058631549,
            297436.96380231454,
            298281.87121067866
        ],
        "pe": [
            5.3745561856572035,
            5.838427979662863,
            6.094476963090277,
            6.264176005260548,
            6.388298527183189,
            6.4848051091536805,
            6.563007737378731,
            6.628289632040513,
            6.68401523967028,
            6.732414597735779,
            6.7750352044424,
            6.8129911942645105,
            6.847109296357351,
            6.878018660513911,
            6.906208410788384,
            6.9320658623302,
            6.955902632514785,
            6.977972955920117,
            6.998486816303352,
            7.017619555045223
        ]
    },
    "water_removal_percent_sweep": {
        "Anhydrite": [
            0.00013333534034552498,
            0.00015292006008293526,
            0.0001779059892253458,
            0.0002107228862254935,
            0.0002554721548148714,
            0.0003196431042221691,
            0.00041847401921685863,
            0.0005883305247048556,
            0.0009421058025186154,
            0.0020848097915643327
        ],